{"faceMorph":{"allowDiscardFrame":false,"canvasSize":[750,1334],"makeups":[{"blushType":"","enable":true,"imagePath":"__facemorph/blush.png","imageScale":0.69,"name":"blush","position":[94,399],"tag":"BLUSH","useOpenMouth":true,"zPosition":1},{"enable":true,"imagePath":"__facemorph/contour.png","imageScale":0.69,"name":"contour","position":[2,121],"tag":"SOFTLIGHT","useOpenMouth":true,"zPosition":0},{"enable":true,"imagePath":"__facemorph/eye_liner.png","imageScale":0.7,"name":"eye_liner","position":[150,453],"tag":"EYE_LINER","useOpenMouth":true,"zPosition":4},{"enable":true,"imagePath":"__facemorph/eye_shadow_L0.png","imageScale":0.7,"name":"eye_shadow_L0","position":[150,453],"tag":"EYE_SHADOW","useOpenMouth":true,"zPosition":2},{"enable":true,"imagePath":"__facemorph/eye_shadow_L1.png","imageScale":0.7,"name":"eye_shadow_L1","position":[151,453],"tag":"NONE","useOpenMouth":true,"zPosition":3},{"browShape":"none","enable":true,"imagePath":"__facemorph/eyebrows.png","imageScale":0.69,"name":"eyebrows","position":[201,436],"tag":"EYE_BROW","useOpenMouth":true,"zPosition":6},{"enable":true,"imagePath":"__facemorph/eyelashes.png","imageScale":0.7,"name":"eyelashes","position":[151,453],"tag":"EYE_LASH","useOpenMouth":true,"zPosition":5},{"enable":true,"imagePath":"__facemorph/lips.png","imageScale":0.67,"lipTablePath":"__lipTable/table.png","lipstickType":"matte","name":"lips","position":[313,710],"tag":"MASK_LUT","useOpenMouth":true,"zPosition":7}],"targetFPS":25},"newPartField":"3.0","stickerType":"faceMorph","toolVersion":"Mac_2.4.2","totalMem":10.63,"transitions":{"Transition1":{"conditions":[{"preState":"","triggers":"H.face.appear"}],"randomShow":false,"targets":[{"delay":0,"fadingFrame":0,"lastingFrame":0,"loop":0,"targetPart":"blush","targetState":"playing"}]},"Transition2":{"conditions":[{"preState":"","triggers":"H.face.appear"}],"randomShow":false,"targets":[{"delay":0,"fadingFrame":0,"lastingFrame":0,"loop":0,"targetPart":"contour","targetState":"playing"}]},"Transition3":{"conditions":[{"preState":"","triggers":"H.face.appear"}],"randomShow":false,"targets":[{"delay":0,"fadingFrame":0,"lastingFrame":0,"loop":0,"targetPart":"eye_liner","targetState":"playing"}]},"Transition4":{"conditions":[{"preState":"","triggers":"H.face.appear"}],"randomShow":false,"targets":[{"delay":0,"fadingFrame":0,"lastingFrame":0,"loop":0,"targetPart":"eye_shadow_L0","targetState":"playing"}]},"Transition5":{"conditions":[{"preState":"","triggers":"H.face.appear"}],"randomShow":false,"targets":[{"delay":0,"fadingFrame":0,"lastingFrame":0,"loop":0,"targetPart":"eye_shadow_L1","targetState":"playing"}]},"Transition7":{"conditions":[{"preState":"","triggers":"H.face.appear"}],"randomShow":false,"targets":[{"delay":0,"fadingFrame":0,"lastingFrame":0,"loop":0,"targetPart":"eyebrows","targetState":"playing"}]},"Transition8":{"conditions":[{"preState":"","triggers":"H.face.appear"}],"randomShow":false,"targets":[{"delay":0,"fadingFrame":0,"lastingFrame":0,"loop":0,"targetPart":"eyelashes","targetState":"playing"}]},"Transition9":{"conditions":[{"preState":"","triggers":"H.face.appear"}],"randomShow":false,"targets":[{"delay":0,"fadingFrame":0,"lastingFrame":0,"loop":0,"targetPart":"lips","targetState":"playing"}]}},"version":"3.0"}