{"beautifyParts":{"beautify":{"contrastStrength":0,"enlargeRatio":0.5,"reddenStrength":0,"saturationStrength":0,"shrinkRatio":0.5,"smallRatio":0.2,"smoothStrength":0.6,"whitenStrength":0}},"faceMorph":{"allowDiscardFrame":false,"canvasSize":[750,1334],"makeups":[{"blushType":"","enable":true,"imagePath":"__facemorph/blush.png","imageScale":1,"name":"blush","position":[129,524],"tag":"BLUSH","useOpenMouth":true,"zPosition":7},{"browShape":"none","enable":true,"imagePath":"__facemorph/brow.png","imageScale":1,"name":"brow","position":[201,437],"tag":"EYE_BROW","useOpenMouth":true,"zPosition":6},{"enable":true,"imagePath":"__facemorph/eyelasha.png","imageScale":1,"name":"eyelasha","position":[150,451],"tag":"EYE_LASH","useOpenMouth":true,"zPosition":5},{"enable":true,"imagePath":"__facemorph/eyeline.png","imageScale":1,"name":"eyeline","position":[152,452],"tag":"EYE_LINER","useOpenMouth":true,"zPosition":4},{"enable":true,"imagePath":"__facemorph/eyeshadow.png","imageScale":1,"name":"eyeshadow","position":[152,452],"tag":"EYE_SHADOW","useOpenMouth":true,"zPosition":3},{"enable":true,"imagePath":"__facemorph/highlight.png","imageScale":1,"name":"highlight","position":[150,439],"tag":"NONE","useOpenMouth":true,"zPosition":8},{"enable":true,"imagePath":"__facemorph/lips.png","imageScale":1,"lipTablePath":"__lipTable/table.png","lipstickType":"creamy","name":"lips","position":[310,713],"tag":"MASK_LUT","useOpenMouth":true,"zPosition":2},{"enable":true,"imagePath":"__facemorph/shadow.png","imageScale":1,"name":"shadow","position":[200,450],"tag":"SOFTLIGHT","useOpenMouth":true,"zPosition":1}],"targetFPS":25},"filterParts":{"style_waterfall":{"enable":true,"modelName":"filter_style_waterfall.model","strength":0.5,"zPosition":0}},"newPartField":"3.0","parts":{"DownDeco":{"allowDiscardFrame":false,"blendMode":0,"enable":true,"frameCount":16,"height":512,"hotlinkEnable":false,"position":{"positionX":[{"index":106,"x":-630.04,"y":3.07},{"index":107,"x":519.66,"y":3.07}],"positionY":[]},"positionRelationType":0,"positionType":0,"positionType2":0,"rotateCenter":[{"x":256,"y":256}],"scale":{"scaleX":{"pointA":[{"index":106,"x":-630.04,"y":3.07}],"pointB":[{"index":107,"x":519.66,"y":3.07}]},"scaleY":{"pointA":[],"pointB":[]}},"stickerGroup":{"groupSize":1,"index":0},"targetFPS":10,"targetType":"FACE","width":512,"zPosition":10},"FrameDeco":{"allowDiscardFrame":false,"blendMode":0,"enable":true,"frameCount":1,"height":700,"hotlinkEnable":false,"position":{"positionX":[{"index":106,"x":-732.34,"y":-1871.74},{"index":107,"x":694.29,"y":-1871.74}],"positionY":[]},"positionRelationType":0,"positionType":0,"positionType2":0,"rotateCenter":[{"x":350,"y":350}],"scale":{"scaleX":{"pointA":[{"index":106,"x":-732.34,"y":-1871.74}],"pointB":[{"index":107,"x":694.29,"y":-1871.74}]},"scaleY":{"pointA":[],"pointB":[]}},"stickerGroup":{"groupSize":1,"index":0},"targetFPS":25,"targetType":"FACE","width":700,"zPosition":11},"Umbrella":{"allowDiscardFrame":false,"blendMode":0,"enable":true,"frameCount":1,"height":954,"hotlinkEnable":false,"position":{"positionX":[{"index":74,"x":150.14,"y":453.24},{"index":77,"x":274.21,"y":452.47}],"positionY":[]},"positionRelationType":1,"positionType":1,"positionType2":0,"rotateCenter":[{"index":46,"x":212.51,"y":520.37}],"scale":{"scaleX":{"pointA":[{"index":74,"x":150.14,"y":453.24}],"pointB":[{"index":77,"x":274.21,"y":452.47}]},"scaleY":{"pointA":[],"pointB":[]}},"stickerGroup":{"groupSize":1,"index":0},"targetFPS":25,"targetType":"FACE","width":669,"zPosition":9},"UpDeco":{"allowDiscardFrame":false,"blendMode":0,"enable":true,"frameCount":16,"height":512,"hotlinkEnable":false,"position":{"positionX":[{"index":106,"x":-4.39,"y":-1433.6},{"index":107,"x":1092.75,"y":-1433.6}],"positionY":[]},"positionRelationType":0,"positionType":0,"positionType2":0,"rotateCenter":[{"x":256,"y":256}],"scale":{"scaleX":{"pointA":[{"index":106,"x":-4.39,"y":-1433.6}],"pointB":[{"index":107,"x":1092.75,"y":-1433.6}]},"scaleY":{"pointA":[],"pointB":[]}},"stickerGroup":{"groupSize":1,"index":0},"targetFPS":10,"targetType":"FACE","width":512,"zPosition":12}},"stickerType":"2D_faceMorph_beautify_filter","toolVersion":"Mac_2.4.2","totalMem":38.83,"transitions":{"Transition1":{"conditions":[{"preState":"","triggers":"H.face.appear"}],"randomShow":false,"targets":[{"delay":0,"fadingFrame":0,"lastingFrame":0,"loop":0,"targetPart":"Umbrella","targetState":"playing"}]},"Transition10":{"conditions":[{"preState":"","triggers":"H.face.appear"}],"randomShow":false,"targets":[{"delay":0,"fadingFrame":0,"lastingFrame":0,"loop":0,"targetPart":"eyeshadow","targetState":"playing"}]},"Transition11":{"conditions":[{"preState":"","triggers":"H.face.appear"}],"randomShow":false,"targets":[{"delay":0,"fadingFrame":0,"lastingFrame":0,"loop":0,"targetPart":"highlight","targetState":"playing"}]},"Transition12":{"conditions":[{"preState":"","triggers":"H.face.appear"}],"randomShow":false,"targets":[{"delay":0,"fadingFrame":0,"lastingFrame":0,"loop":0,"targetPart":"lips","targetState":"playing"}]},"Transition13":{"conditions":[{"preState":"","triggers":"H.face.appear"}],"randomShow":false,"targets":[{"delay":0,"fadingFrame":0,"lastingFrame":0,"loop":0,"targetPart":"shadow","targetState":"playing"}]},"Transition14":{"conditions":[{"preState":"","triggers":"H.face.appear"}],"randomShow":false,"targets":[{"delay":0,"fadingFrame":0,"lastingFrame":0,"loop":0,"targetPart":"beautify","targetState":"playing"}]},"Transition2":{"conditions":[{"preState":"","triggers":"H.front.appear"}],"randomShow":false,"targets":[{"delay":0,"fadingFrame":0,"lastingFrame":0,"loop":0,"targetPart":"FrameDeco","targetState":"playing"}]},"Transition3":{"conditions":[{"preState":"","triggers":"H.front.appear"}],"randomShow":false,"targets":[{"delay":0,"fadingFrame":0,"lastingFrame":0,"loop":0,"targetPart":"DownDeco","targetState":"playing"}]},"Transition4":{"conditions":[{"preState":"","triggers":"H.front.appear"}],"randomShow":false,"targets":[{"delay":0,"fadingFrame":0,"lastingFrame":0,"loop":0,"targetPart":"UpDeco","targetState":"playing"}]},"Transition5":{"conditions":[{"preState":"","triggers":"H.front.appear"}],"randomShow":false,"targets":[{"delay":0,"fadingFrame":0,"lastingFrame":0,"loop":0,"targetPart":"style_waterfall","targetState":"playing"}]},"Transition6":{"conditions":[{"preState":"","triggers":"H.face.appear"}],"randomShow":false,"targets":[{"delay":0,"fadingFrame":0,"lastingFrame":0,"loop":0,"targetPart":"blush","targetState":"playing"}]},"Transition7":{"conditions":[{"preState":"","triggers":"H.face.appear"}],"randomShow":false,"targets":[{"delay":0,"fadingFrame":0,"lastingFrame":0,"loop":0,"targetPart":"brow","targetState":"playing"}]},"Transition8":{"conditions":[{"preState":"","triggers":"H.face.appear"}],"randomShow":false,"targets":[{"delay":0,"fadingFrame":0,"lastingFrame":0,"loop":0,"targetPart":"eyelasha","targetState":"playing"}]},"Transition9":{"conditions":[{"preState":"","triggers":"H.face.appear"}],"randomShow":false,"targets":[{"delay":0,"fadingFrame":0,"lastingFrame":0,"loop":0,"targetPart":"eyeline","targetState":"playing"}]}},"version":"3.0"}