{
    "parts": {
        "ear": {
            "frameCount": 32,
            "height": 372,
            "position": {
                "positionX": [
                    {
                        "index": 74,
                        "x": 240.5,
                        "y": 490.25
                    },
                    {
                        "index": 77,
                        "x": 447,
                        "y": 489.75
                    }
                ],
                "positionY": [
                ]
            },
            "positionRelationType": 1,
            "positionType": 1,
            "rotateCenter": [
                {
                    "index": 46,
                    "x": 345,
                    "y": 594.05
                }
            ],
            "scale": {
                "scaleX": {
                    "pointA": [
                        {
                            "index": 74,
                            "x": 240.5,
                            "y": 490.25
                        }
                    ],
                    "pointB": [
                        {
                            "index": 77,
                            "x": 447,
                            "y": 489.75
                        }
                    ]
                },
                "scaleY": {
                    "pointA": [
                    ],
                    "pointB": [
                    ]
                }
            },
            "triggerDelay": 0,
            "triggerLoop": 0,
            "triggerStop": false,
            "triggerType": 0,
            "width": 670,
            "zPosition": 0
        },
        "face": {
            "frameCount": 1,
            "height": 218,
            "position": {
                "positionX": [
                    {
                        "index": 43,
                        "x": 227.88,
                        "y": 20.5
                    }
                ],
                "positionY": [
                ]
            },
            "positionRelationType": 1,
            "positionType": 1,
            "rotateCenter": [
                {
                    "index": 46,
                    "x": 228,
                    "y": 131.12
                }
            ],
            "scale": {
                "scaleX": {
                    "pointA": [
                        {
                            "index": 74,
                            "x": 123.5,
                            "y": 27.23
                        }
                    ],
                    "pointB": [
                        {
                            "index": 77,
                            "x": 330,
                            "y": 26.77
                        }
                    ]
                },
                "scaleY": {
                    "pointA": [
                    ],
                    "pointB": [
                    ]
                }
            },
            "triggerDelay": 0,
            "triggerLoop": 0,
            "triggerStop": false,
            "triggerType": 0,
            "width": 458,
            "zPosition": 1
        },
        "hand": {
            "frameCount": 47,
            "height": 846,
            "position": {
                "positionX": [
                    {
                        "index": 89,
                        "x": 444.25,
                        "y": 267.25
                    },
                    {
                        "index": 90,
                        "x": 472.75,
                        "y": 279.66
                    }
                ],
                "positionY": [
                ]
            },
            "positionRelationType": 1,
            "positionType": 1,
            "rotateCenter": [
                {
                    "index": 46,
                    "x": 386,
                    "y": 162.12
                }
            ],
            "scale": {
                "scaleX": {
                    "pointA": [
                        {
                            "index": 74,
                            "x": 281.5,
                            "y": 58.25
                        }
                    ],
                    "pointB": [
                        {
                            "index": 77,
                            "x": 488,
                            "y": 57.75
                        }
                    ]
                },
                "scaleY": {
                    "pointA": [
                    ],
                    "pointB": [
                    ]
                }
            },
            "triggerDelay": 0,
            "triggerLoop": 0,
            "triggerStop": false,
            "triggerType": 0,
            "width": 750,
            "zPosition": 2
        }
    },
    "version": "1.1"
}
