{"faceMorph":{"allowDiscardFrame":false,"canvasSize":[750,1334],"makeups":[{"blushType":"","enable":true,"imagePath":"__facemorph/blush.png","imageScale":1,"name":"blush","position":[125,524],"tag":"BLUSH","useOpenMouth":true,"zPosition":7},{"browShape":"none","enable":true,"imagePath":"__facemorph/brow.png","imageScale":1,"name":"brow","position":[202,443],"tag":"EYE_BROW","useOpenMouth":true,"zPosition":6},{"enable":true,"imagePath":"__facemorph/eyelasha.png","imageScale":1,"name":"eyelasha","position":[152,454],"tag":"EYE_LASH","useOpenMouth":true,"zPosition":5},{"enable":true,"imagePath":"__facemorph/eyeline.png","imageScale":1,"name":"eyeline","position":[152,454],"tag":"EYE_LINER","useOpenMouth":true,"zPosition":4},{"enable":true,"imagePath":"__facemorph/eyeshadow.png","imageScale":1,"name":"eyeshadow","position":[152,453],"tag":"EYE_SHADOW","useOpenMouth":true,"zPosition":3},{"enable":true,"imagePath":"__facemorph/highlight.png","imageScale":1,"name":"highlight","position":[110,453],"tag":"NONE","useOpenMouth":true,"zPosition":8},{"enable":true,"imagePath":"__facemorph/lips.png","imageScale":1,"lipTablePath":"__lipTable/table.png","lipstickType":"creamy","name":"lips","position":[310,712],"tag":"MASK_LUT","useOpenMouth":true,"zPosition":2},{"enable":true,"imagePath":"__facemorph/shadow.png","imageScale":1,"name":"shadow","position":[200,450],"tag":"SOFTLIGHT","useOpenMouth":true,"zPosition":1}],"targetFPS":25},"filterParts":{"style_calm_2.1.0":{"enable":true,"modelName":"filter_style_calm_2.1.0.model","strength":0.65,"zPosition":0}},"newPartField":"3.0","parts":{"suizuan":{"allowDiscardFrame":false,"blendMode":0,"enable":true,"frameCount":9,"height":129,"hotlinkEnable":false,"position":{"positionX":[{"index":74,"x":129.71,"y":10.83},{"index":77,"x":336.87,"y":9.54}],"positionY":[]},"positionRelationType":1,"positionType":1,"positionType2":0,"rotateCenter":[{"index":46,"x":233.85,"y":122.92}],"scale":{"scaleX":{"pointA":[{"index":74,"x":129.71,"y":10.83}],"pointB":[{"index":77,"x":336.87,"y":9.54}]},"scaleY":{"pointA":[],"pointB":[]}},"stickerGroup":{"groupSize":1,"index":0},"targetFPS":25,"targetType":"FACE","width":466,"zPosition":9}},"stickerType":"2D_faceMorph_filter","toolVersion":"Mac_2.4.2","totalMem":4.67,"transitions":{"Transition1":{"conditions":[{"preState":"","triggers":"H.face.appear"}],"randomShow":false,"targets":[{"delay":0,"fadingFrame":0,"lastingFrame":0,"loop":0,"targetPart":"suizuan","targetState":"playing"}]},"Transition11":{"conditions":[{"preState":"","triggers":"H.face.appear"}],"randomShow":false,"targets":[{"delay":0,"fadingFrame":0,"lastingFrame":0,"loop":0,"targetPart":"style_calm_2.1.0","targetState":"playing"}]},"Transition2":{"conditions":[{"preState":"","triggers":"H.face.appear"}],"randomShow":false,"targets":[{"delay":0,"fadingFrame":0,"lastingFrame":0,"loop":0,"targetPart":"blush","targetState":"playing"}]},"Transition3":{"conditions":[{"preState":"","triggers":"H.face.appear"}],"randomShow":false,"targets":[{"delay":0,"fadingFrame":0,"lastingFrame":0,"loop":0,"targetPart":"brow","targetState":"playing"}]},"Transition4":{"conditions":[{"preState":"","triggers":"H.face.appear"}],"randomShow":false,"targets":[{"delay":0,"fadingFrame":0,"lastingFrame":0,"loop":0,"targetPart":"eyelasha","targetState":"playing"}]},"Transition5":{"conditions":[{"preState":"","triggers":"H.face.appear"}],"randomShow":false,"targets":[{"delay":0,"fadingFrame":0,"lastingFrame":0,"loop":0,"targetPart":"eyeline","targetState":"playing"}]},"Transition6":{"conditions":[{"preState":"","triggers":"H.face.appear"}],"randomShow":false,"targets":[{"delay":0,"fadingFrame":0,"lastingFrame":0,"loop":0,"targetPart":"eyeshadow","targetState":"playing"}]},"Transition7":{"conditions":[{"preState":"","triggers":"H.face.appear"}],"randomShow":false,"targets":[{"delay":0,"fadingFrame":0,"lastingFrame":0,"loop":0,"targetPart":"highlight","targetState":"playing"}]},"Transition8":{"conditions":[{"preState":"","triggers":"H.face.appear"}],"randomShow":false,"targets":[{"delay":0,"fadingFrame":0,"lastingFrame":0,"loop":0,"targetPart":"lips","targetState":"playing"}]},"Transition9":{"conditions":[{"preState":"","triggers":"H.face.appear"}],"randomShow":false,"targets":[{"delay":0,"fadingFrame":0,"lastingFrame":0,"loop":0,"targetPart":"shadow","targetState":"playing"}]}},"version":"3.0"}