{"faceMorph":{"allowDiscardFrame":false,"canvasSize":[750,1334],"makeups":[{"blushType":"","enable":true,"imagePath":"__facemorph/blush.png","imageScale":0.74,"name":"blush","position":[128,419],"tag":"BLUSH","useOpenMouth":true,"zPosition":3},{"browShape":"none","enable":true,"imagePath":"__facemorph/brow.png","imageScale":0.7,"name":"brow","position":[-4,156],"tag":"EYE_BROW","useOpenMouth":true,"zPosition":10},{"enable":true,"imagePath":"__facemorph/contour_1.png","imageScale":0.69,"name":"contour_1","position":[1,172],"tag":"SOFTLIGHT","useOpenMouth":true,"zPosition":1},{"enable":true,"imagePath":"__facemorph/contour_2.png","imageScale":0.7,"name":"contour_2","position":[-6,168],"tag":"SOFTLIGHT","useOpenMouth":true,"zPosition":2},{"enable":true,"imagePath":"__facemorph/contour_3.png","imageScale":0.69,"name":"contour_3","position":[2,177],"tag":"SOFTLIGHT","useOpenMouth":true,"zPosition":0},{"enable":true,"imagePath":"__facemorph/eye_shadow_L0.png","imageScale":0.7,"name":"eye_shadow_L0","position":[150,453],"tag":"EYE_SHADOW","useOpenMouth":true,"zPosition":5},{"enable":true,"imagePath":"__facemorph/eye_shadow_L1.png","imageScale":0.7,"name":"eye_shadow_L1","position":[151,453],"tag":"NONE","useOpenMouth":true,"zPosition":6},{"enable":true,"imagePath":"__facemorph/eyeball.png","imageScale":0.69,"name":"eyeball","position":[154,455],"tag":"EYEBALL_BEAUTY","useOpenMouth":true,"zPosition":4},{"enable":true,"imagePath":"__facemorph/eyelashes.png","imageScale":0.7,"name":"eyelashes","position":[151,452],"tag":"EYE_LASH","useOpenMouth":true,"zPosition":8},{"enable":true,"imagePath":"__facemorph/eyeline.png","imageScale":0.69,"name":"eyeline","position":[152,454],"tag":"EYE_LINER","useOpenMouth":true,"zPosition":7},{"enable":true,"imagePath":"__facemorph/highlight.png","imageScale":0.69,"name":"highlight","position":[308,712],"tag":"SOFTLIGHT","useOpenMouth":true,"zPosition":9},{"enable":true,"imagePath":"__facemorph/lips.png","imageScale":0.67,"lipTablePath":"__lipTable/table.png","lipstickType":"creamy","name":"lips","position":[312,710],"tag":"MASK_LUT","useOpenMouth":true,"zPosition":11}],"targetFPS":25},"newPartField":"3.0","stickerType":"faceMorph","toolVersion":"Mac_2.4.2","totalMem":25.36,"transitions":{"Transition1":{"conditions":[{"preState":"","triggers":"H.face.appear"}],"randomShow":false,"targets":[{"delay":0,"fadingFrame":0,"lastingFrame":0,"loop":0,"targetPart":"brow","targetState":"playing"}]},"Transition11":{"conditions":[{"preState":"","triggers":"H.face.appear"}],"randomShow":false,"targets":[{"delay":0,"fadingFrame":0,"lastingFrame":0,"loop":0,"targetPart":"blush","targetState":"playing"}]},"Transition12":{"conditions":[{"preState":"","triggers":"H.face.appear"}],"randomShow":false,"targets":[{"delay":0,"fadingFrame":0,"lastingFrame":0,"loop":0,"targetPart":"eyeline","targetState":"playing"}]},"Transition13":{"conditions":[{"preState":"","triggers":"H.face.appear"}],"randomShow":false,"targets":[{"delay":0,"fadingFrame":0,"lastingFrame":0,"loop":0,"targetPart":"lips","targetState":"playing"}]},"Transition2":{"conditions":[{"preState":"","triggers":"H.face.appear"}],"randomShow":false,"targets":[{"delay":0,"fadingFrame":0,"lastingFrame":0,"loop":0,"targetPart":"contour_1","targetState":"playing"}]},"Transition3":{"conditions":[{"preState":"","triggers":"H.face.appear"}],"randomShow":false,"targets":[{"delay":0,"fadingFrame":0,"lastingFrame":0,"loop":0,"targetPart":"contour_2","targetState":"playing"}]},"Transition4":{"conditions":[{"preState":"","triggers":"H.face.appear"}],"randomShow":false,"targets":[{"delay":0,"fadingFrame":0,"lastingFrame":0,"loop":0,"targetPart":"contour_3","targetState":"playing"}]},"Transition5":{"conditions":[{"preState":"","triggers":"H.face.appear"}],"randomShow":false,"targets":[{"delay":0,"fadingFrame":0,"lastingFrame":0,"loop":0,"targetPart":"eye_shadow_L0","targetState":"playing"}]},"Transition6":{"conditions":[{"preState":"","triggers":"H.face.appear"}],"randomShow":false,"targets":[{"delay":0,"fadingFrame":0,"lastingFrame":0,"loop":0,"targetPart":"eye_shadow_L1","targetState":"playing"}]},"Transition7":{"conditions":[{"preState":"","triggers":"H.face.appear"}],"randomShow":false,"targets":[{"delay":0,"fadingFrame":0,"lastingFrame":0,"loop":0,"targetPart":"eyeball","targetState":"playing"}]},"Transition8":{"conditions":[{"preState":"","triggers":"H.face.appear"}],"randomShow":false,"targets":[{"delay":0,"fadingFrame":0,"lastingFrame":0,"loop":0,"targetPart":"eyelashes","targetState":"playing"}]},"Transition9":{"conditions":[{"preState":"","triggers":"H.face.appear"}],"randomShow":false,"targets":[{"delay":0,"fadingFrame":0,"lastingFrame":0,"loop":0,"targetPart":"highlight","targetState":"playing"}]}},"version":"3.0"}