{"faceMorph":{"allowDiscardFrame":false,"canvasSize":[750,1334],"makeups":[{"enable":true,"imagePath":"__facemorph/eyelasha.png","imageScale":0.69,"name":"eyelasha","position":[151,453],"tag":"EYE_LASH","useOpenMouth":true,"zPosition":6},{"enable":true,"imagePath":"__facemorph/eyeline.png","imageScale":0.7,"name":"eyeline","position":[151,455],"tag":"EYE_LINER","useOpenMouth":true,"zPosition":5},{"blushType":"","enable":true,"imagePath":"__facemorph/eyenoseshadow.png","imageScale":0.69,"name":"eyenoseshadow","position":[0,292],"tag":"BLUSH","useOpenMouth":true,"zPosition":2},{"enable":true,"imagePath":"__facemorph/eyeshadow.png","imageScale":0.69,"name":"eyeshadow","position":[151,454],"tag":"EYE_SHADOW","useOpenMouth":true,"zPosition":4},{"enable":true,"imagePath":"__facemorph/faceshadow.png","imageScale":0.69,"name":"faceshadow","position":[2,292],"tag":"SOFTLIGHT","useOpenMouth":true,"zPosition":1},{"enable":true,"imagePath":"__facemorph/faceshadowtwo.png","imageScale":0.69,"name":"faceshadowtwo","position":[2,292],"tag":"SOFTLIGHT","useOpenMouth":true,"zPosition":0},{"enable":true,"imagePath":"__facemorph/lips.png","imageScale":1.05,"lipTablePath":"__lipTable/table.png","lipstickType":"creamy","name":"lips","position":[307,710],"tag":"MASK_LUT","useOpenMouth":true,"zPosition":3}],"targetFPS":25},"newPartField":"3.0","stickerType":"faceMorph","toolVersion":"Mac_2.4.2","totalMem":15.46,"transitions":{"Transition1":{"conditions":[{"preState":"","triggers":"H.face.appear"}],"randomShow":false,"targets":[{"delay":0,"fadingFrame":0,"lastingFrame":0,"loop":0,"targetPart":"eyelasha","targetState":"playing"}]},"Transition2":{"conditions":[{"preState":"","triggers":"H.face.appear"}],"randomShow":false,"targets":[{"delay":0,"fadingFrame":0,"lastingFrame":0,"loop":0,"targetPart":"eyeline","targetState":"playing"}]},"Transition3":{"conditions":[{"preState":"","triggers":"H.face.appear"}],"randomShow":false,"targets":[{"delay":0,"fadingFrame":0,"lastingFrame":0,"loop":0,"targetPart":"eyenoseshadow","targetState":"playing"}]},"Transition4":{"conditions":[{"preState":"","triggers":"H.face.appear"}],"randomShow":false,"targets":[{"delay":0,"fadingFrame":0,"lastingFrame":0,"loop":0,"targetPart":"eyeshadow","targetState":"playing"}]},"Transition5":{"conditions":[{"preState":"","triggers":"H.face.appear"}],"randomShow":false,"targets":[{"delay":0,"fadingFrame":0,"lastingFrame":0,"loop":0,"targetPart":"faceshadow","targetState":"playing"}]},"Transition6":{"conditions":[{"preState":"","triggers":"H.face.appear"}],"randomShow":false,"targets":[{"delay":0,"fadingFrame":0,"lastingFrame":0,"loop":0,"targetPart":"faceshadowtwo","targetState":"playing"}]},"Transition7":{"conditions":[{"preState":"","triggers":"H.face.appear"}],"randomShow":false,"targets":[{"delay":0,"fadingFrame":0,"lastingFrame":0,"loop":0,"targetPart":"lips","targetState":"playing"}]}},"version":"3.0"}