{"faceMorph":{"allowDiscardFrame":false,"canvasSize":[750,1334],"makeups":[{"blushType":"","enable":true,"imagePath":"__facemorph/blush.png","imageScale":0.7,"name":"blush","position":[110,475],"tag":"BLUSH","useOpenMouth":true,"zPosition":10},{"browShape":"none","enable":true,"imagePath":"__facemorph/brow.png","imageScale":0.69,"name":"brow","position":[202,439],"tag":"EYE_BROW","useOpenMouth":true,"zPosition":9},{"enable":true,"imagePath":"__facemorph/eye_shadow_L0.png","imageScale":0.7,"name":"eye_shadow_L0","position":[150,452],"tag":"EYE_SHADOW","useOpenMouth":true,"zPosition":6},{"enable":true,"imagePath":"__facemorph/eyeball.png","imageScale":0.69,"name":"eyeball","position":[152,453],"tag":"EYEBALL_BEAUTY","useOpenMouth":true,"zPosition":5},{"enable":true,"imagePath":"__facemorph/eyelasha.png","imageScale":0.7,"name":"eyelasha","position":[151,445],"tag":"EYE_LASH","useOpenMouth":true,"zPosition":8},{"enable":true,"imagePath":"__facemorph/eyeline.png","imageScale":0.69,"name":"eyeline","position":[152,453],"tag":"EYE_LINER","useOpenMouth":true,"zPosition":7},{"enable":true,"imagePath":"__facemorph/hightlight.png","imageScale":0.69,"name":"hightlight","position":[3,358],"tag":"SOFTLIGHT","useOpenMouth":true,"zPosition":0},{"enable":true,"imagePath":"__facemorph/light.png","imageScale":0.7,"name":"light","position":[150,452],"tag":"NONE","useOpenMouth":true,"zPosition":11},{"enable":true,"imagePath":"__facemorph/lips.png","imageScale":0.7,"lipTablePath":"__lipTable/table.png","lipstickType":"creamy","name":"lips","position":[308,708],"tag":"MASK_LUT","useOpenMouth":true,"zPosition":4},{"enable":true,"imagePath":"__facemorph/noseshadow.png","imageScale":0.69,"name":"noseshadow","position":[3,388],"tag":"SOFTLIGHT","useOpenMouth":true,"zPosition":2},{"enable":true,"imagePath":"__facemorph/shadow.png","imageScale":0.69,"name":"shadow","position":[3,359],"tag":"SOFTLIGHT","useOpenMouth":true,"zPosition":1},{"enable":true,"imagePath":"__facemorph/shadowtwo4.png","imageScale":0.69,"name":"shadowtwo4","position":[2,387],"tag":"SOFTLIGHT","useOpenMouth":true,"zPosition":3}],"targetFPS":25},"newPartField":"3.0","stickerType":"faceMorph","toolVersion":"Mac_2.4.2","totalMem":20.67,"transitions":{"Transition1":{"conditions":[{"preState":"","triggers":"H.face.appear"}],"randomShow":false,"targets":[{"delay":0,"fadingFrame":0,"lastingFrame":0,"loop":0,"targetPart":"blush","targetState":"playing"}]},"Transition10":{"conditions":[{"preState":"","triggers":"H.face.appear"}],"randomShow":false,"targets":[{"delay":0,"fadingFrame":0,"lastingFrame":0,"loop":0,"targetPart":"noseshadow","targetState":"playing"}]},"Transition11":{"conditions":[{"preState":"","triggers":"H.face.appear"}],"randomShow":false,"targets":[{"delay":0,"fadingFrame":0,"lastingFrame":0,"loop":0,"targetPart":"shadow","targetState":"playing"}]},"Transition12":{"conditions":[{"preState":"","triggers":"H.face.appear"}],"randomShow":false,"targets":[{"delay":0,"fadingFrame":0,"lastingFrame":0,"loop":0,"targetPart":"hightlight","targetState":"playing"}]},"Transition14":{"conditions":[{"preState":"","triggers":"H.face.appear"}],"randomShow":false,"targets":[{"delay":0,"fadingFrame":0,"lastingFrame":0,"loop":0,"targetPart":"light","targetState":"playing"}]},"Transition15":{"conditions":[{"preState":"","triggers":"H.face.appear"}],"randomShow":false,"targets":[{"delay":0,"fadingFrame":0,"lastingFrame":0,"loop":0,"targetPart":"eye_shadow_L0","targetState":"playing"}]},"Transition2":{"conditions":[{"preState":"","triggers":"H.face.appear"}],"randomShow":false,"targets":[{"delay":0,"fadingFrame":0,"lastingFrame":0,"loop":0,"targetPart":"brow","targetState":"playing"}]},"Transition3":{"conditions":[{"preState":"","triggers":"H.face.appear"}],"randomShow":false,"targets":[{"delay":0,"fadingFrame":0,"lastingFrame":0,"loop":0,"targetPart":"eyeball","targetState":"playing"}]},"Transition4":{"conditions":[{"preState":"","triggers":"H.face.appear"}],"randomShow":false,"targets":[{"delay":0,"fadingFrame":0,"lastingFrame":0,"loop":0,"targetPart":"eyelasha","targetState":"playing"}]},"Transition5":{"conditions":[{"preState":"","triggers":"H.face.appear"}],"randomShow":false,"targets":[{"delay":0,"fadingFrame":0,"lastingFrame":0,"loop":0,"targetPart":"eyeline","targetState":"playing"}]},"Transition7":{"conditions":[{"preState":"","triggers":"H.face.appear"}],"randomShow":false,"targets":[{"delay":0,"fadingFrame":0,"lastingFrame":0,"loop":0,"targetPart":"hightlight","targetState":"playing"}]},"Transition8":{"conditions":[{"preState":"","triggers":"H.face.appear"}],"randomShow":false,"targets":[{"delay":0,"fadingFrame":0,"lastingFrame":0,"loop":0,"targetPart":"lips","targetState":"playing"}]},"Transition9":{"conditions":[{"preState":"","triggers":"H.face.appear"}],"randomShow":false,"targets":[{"delay":0,"fadingFrame":0,"lastingFrame":0,"loop":0,"targetPart":"shadowtwo4","targetState":"playing"}]}},"version":"3.0"}