{"faceMorph":{"allowDiscardFrame":false,"canvasSize":[750,1334],"makeups":[{"browShape":"none","enable":true,"imagePath":"__facemorph/brow.png","imageScale":0.69,"name":"brow","position":[156,429],"tag":"EYE_BROW","useOpenMouth":true,"zPosition":5},{"enable":true,"imagePath":"__facemorph/eyeball.png","imageScale":0.7,"name":"eyeball","position":[151,454],"tag":"EYEBALL_BEAUTY","useOpenMouth":true,"zPosition":4},{"enable":true,"imagePath":"__facemorph/eyelasha.png","imageScale":0.7,"name":"eyelasha","position":[151,451],"tag":"EYE_LASH","useOpenMouth":true,"zPosition":3},{"enable":true,"imagePath":"__facemorph/eyeshadow.png","imageScale":0.7,"name":"eyeshadow","position":[151,453],"tag":"EYE_SHADOW","useOpenMouth":true,"zPosition":2},{"enable":true,"imagePath":"__facemorph/lips.png","imageScale":0.68,"lipTablePath":"__lipTable/table.png","lipstickType":"matte","name":"lips","position":[306,712],"tag":"MASK_LUT","useOpenMouth":true,"zPosition":1},{"enable":true,"imagePath":"__facemorph/shadow.png","imageScale":0.69,"name":"shadow","position":[2,340],"tag":"SOFTLIGHT","useOpenMouth":true,"zPosition":0}],"targetFPS":25},"newPartField":"3.0","stickerType":"faceMorph","toolVersion":"Mac_2.4.2","totalMem":6.69,"transitions":{"Transition1":{"conditions":[{"preState":"","triggers":"H.face.appear"}],"randomShow":false,"targets":[{"delay":0,"fadingFrame":0,"lastingFrame":0,"loop":0,"targetPart":"brow","targetState":"playing"}]},"Transition2":{"conditions":[{"preState":"","triggers":"H.face.appear"}],"randomShow":false,"targets":[{"delay":0,"fadingFrame":0,"lastingFrame":0,"loop":0,"targetPart":"eyeball","targetState":"playing"}]},"Transition3":{"conditions":[{"preState":"","triggers":"H.face.appear"}],"randomShow":false,"targets":[{"delay":0,"fadingFrame":0,"lastingFrame":0,"loop":0,"targetPart":"eyelasha","targetState":"playing"}]},"Transition4":{"conditions":[{"preState":"","triggers":"H.face.appear"}],"randomShow":false,"targets":[{"delay":0,"fadingFrame":0,"lastingFrame":0,"loop":0,"targetPart":"eyeshadow","targetState":"playing"}]},"Transition5":{"conditions":[{"preState":"","triggers":"H.face.appear"}],"randomShow":false,"targets":[{"delay":0,"fadingFrame":0,"lastingFrame":0,"loop":0,"targetPart":"lips","targetState":"playing"}]},"Transition6":{"conditions":[{"preState":"","triggers":"H.face.appear"}],"randomShow":false,"targets":[{"delay":0,"fadingFrame":0,"lastingFrame":0,"loop":0,"targetPart":"shadow","targetState":"playing"}]}},"version":"3.0"}