{
    "parts": {
        "butterfly": {
            "frameCount": 48,
            "height": 860,
            "position": {
                "positionX": [
                    {
                        "index": 108,
                        "x": 0.644,
                        "y": 858.710
                    },
                    {
                        "index": 109,
                        "x": 483.508,
                        "y": 858.065
                    }
                ],
                "positionY": [
                ]
            },
            "positionRelationType": 0,
            "positionType": 0,
            "rotateCenter": [
                {
                    "x": 242,
                    "y": 430
                }
            ],
            "scale": {
                "scaleX": {
                    "pointA": [
                        {
                            "index": 108,
                            "x": 0.644,
                            "y": 858.710
                        }
                    ],
                    "pointB": [
                        {
                            "index": 109,
                            "x": 483.508,
                            "y": 858.065
                        }
                    ]
                },
                "scaleY": {
                    "pointA": [
                    ],
                    "pointB": [
                    ]
                }
            },
            "triggerDelay": 0,
            "triggerLoop": 0,
            "triggerStop": false,
            "triggerType": 0,
            "width": 484,
            "zPosition": 2
        },
        "ear": {
            "frameCount": 30,
            "height": 419,
            "position": {
                "positionX": [
                    {
                        "index": 74,
                        "x": 272.5,
                        "y": 441.200
                    },
                    {
                        "index": 77,
                        "x": 479,
                        "y": 440.799
                    }
                ],
                "positionY": [
                ]
            },
            "positionRelationType": 1,
            "positionType": 1,
            "rotateCenter": [
                {
                    "index": 46,
                    "x": 377,
                    "y": 545.099
                }
            ],
            "scale": {
                "scaleX": {
                    "pointA": [
                        {
                            "index": 74,
                            "x": 272.5,
                            "y": 441.200
                        }
                    ],
                    "pointB": [
                        {
                            "index": 77,
                            "x": 479,
                            "y": 440.799
                        }
                    ]
                },
                "scaleY": {
                    "pointA": [
                    ],
                    "pointB": [
                    ]
                }
            },
            "triggerDelay": 0,
            "triggerLoop": 0,
            "triggerStop": false,
            "triggerType": 0,
            "width": 750,
            "zPosition": 1
        },
        "nose": {
            "frameCount": 1,
            "height": 165,
            "position": {
                "positionX": [
                    {
                        "index": 46,
                        "x": 201,
                        "y": 95.099
                    }
                ],
                "positionY": [
                ]
            },
            "positionRelationType": 1,
            "positionType": 1,
            "rotateCenter": [
                {
                    "index": 46,
                    "x": 201,
                    "y": 95.099
                }
            ],
            "scale": {
                "scaleX": {
                    "pointA": [
                        {
                            "index": 74,
                            "x": 96.5,
                            "y": -8.800
                        }
                    ],
                    "pointB": [
                        {
                            "index": 77,
                            "x": 303,
                            "y": -9.199
                        }
                    ]
                },
                "scaleY": {
                    "pointA": [
                    ],
                    "pointB": [
                    ]
                }
            },
            "triggerDelay": 0,
            "triggerLoop": 0,
            "triggerStop": false,
            "triggerType": 0,
            "width": 394,
            "zPosition": 0
        }
    },
    "version": "1.1"
}
