{"faceMorph":{"allowDiscardFrame":false,"canvasSize":[750,1334],"makeups":[{"blushType":"","enable":true,"imagePath":"__facemorph/blush.png","imageScale":0.68,"name":"blush","position":[120,530],"tag":"BLUSH","useOpenMouth":true,"zPosition":6},{"enable":true,"imagePath":"__facemorph/eyeshadow.png","imageScale":0.69,"name":"eyeshadow","position":[152,451],"tag":"EYE_SHADOW","useOpenMouth":true,"zPosition":5},{"enable":true,"imagePath":"__facemorph/highlighta.png","imageScale":0.69,"name":"highlighta","position":[2,164],"tag":"SOFTLIGHT","useOpenMouth":true,"zPosition":0},{"enable":true,"imagePath":"__facemorph/hightlight.png","imageScale":0.69,"name":"hightlight","position":[151,451],"tag":"SOFTLIGHT","useOpenMouth":true,"zPosition":4},{"enable":true,"imagePath":"__facemorph/lips.png","imageScale":1,"lipTablePath":"__lipTable/table.png","lipstickType":"matte","name":"lips","position":[310,711],"tag":"MASK_LUT","useOpenMouth":true,"zPosition":7},{"enable":true,"imagePath":"__facemorph/shadow_one.png","imageScale":0.69,"name":"shadow_one","position":[2,165],"tag":"SOFTLIGHT","useOpenMouth":true,"zPosition":1},{"enable":true,"imagePath":"__facemorph/shadow_three.png","imageScale":0.69,"name":"shadow_three","position":[2,165],"tag":"SOFTLIGHT","useOpenMouth":true,"zPosition":3},{"enable":true,"imagePath":"__facemorph/shadow_two.png","imageScale":0.69,"name":"shadow_two","position":[2,165],"tag":"SOFTLIGHT","useOpenMouth":true,"zPosition":2}],"targetFPS":25},"newPartField":"3.0","stickerType":"faceMorph","toolVersion":"Mac_2.4.2","totalMem":23.34,"transitions":{"Transition1":{"conditions":[{"preState":"","triggers":"H.face.appear"}],"randomShow":false,"targets":[{"delay":0,"fadingFrame":0,"lastingFrame":0,"loop":0,"targetPart":"blush","targetState":"playing"}]},"Transition2":{"conditions":[{"preState":"","triggers":"H.face.appear"}],"randomShow":false,"targets":[{"delay":0,"fadingFrame":0,"lastingFrame":0,"loop":0,"targetPart":"eyeshadow","targetState":"playing"}]},"Transition3":{"conditions":[{"preState":"","triggers":"H.face.appear"}],"randomShow":false,"targets":[{"delay":0,"fadingFrame":0,"lastingFrame":0,"loop":0,"targetPart":"highlighta","targetState":"playing"}]},"Transition4":{"conditions":[{"preState":"","triggers":"H.face.appear"}],"randomShow":false,"targets":[{"delay":0,"fadingFrame":0,"lastingFrame":0,"loop":0,"targetPart":"hightlight","targetState":"playing"}]},"Transition6":{"conditions":[{"preState":"","triggers":"H.face.appear"}],"randomShow":false,"targets":[{"delay":0,"fadingFrame":0,"lastingFrame":0,"loop":0,"targetPart":"shadow_one","targetState":"playing"}]},"Transition7":{"conditions":[{"preState":"","triggers":"H.face.appear"}],"randomShow":false,"targets":[{"delay":0,"fadingFrame":0,"lastingFrame":0,"loop":0,"targetPart":"shadow_three","targetState":"playing"}]},"Transition8":{"conditions":[{"preState":"","triggers":"H.face.appear"}],"randomShow":false,"targets":[{"delay":0,"fadingFrame":0,"lastingFrame":0,"loop":0,"targetPart":"shadow_two","targetState":"playing"}]},"Transition9":{"conditions":[{"preState":"","triggers":"H.face.appear"}],"randomShow":false,"targets":[{"delay":0,"fadingFrame":0,"lastingFrame":0,"loop":0,"targetPart":"lips","targetState":"playing"}]}},"version":"3.0"}