{"faceMorph":{"allowDiscardFrame":false,"canvasSize":[750,1334],"makeups":[{"blushType":"","enable":true,"imagePath":"__facemorph/blush.png","imageScale":0.68,"name":"blush","position":[120,530],"tag":"BLUSH","useOpenMouth":true,"zPosition":8},{"enable":true,"imagePath":"__facemorph/eyeball.png","imageScale":0.7,"name":"eyeball","position":[151,451],"tag":"EYEBALL_BEAUTY","useOpenMouth":true,"zPosition":4},{"enable":true,"imagePath":"__facemorph/eyelasha.png","imageScale":0.7,"name":"eyelasha","position":[151,452],"tag":"EYE_LASH","useOpenMouth":true,"zPosition":7},{"enable":true,"imagePath":"__facemorph/eyeline.png","imageScale":0.69,"name":"eyeline","position":[152,454],"tag":"EYE_LINER","useOpenMouth":true,"zPosition":6},{"enable":true,"imagePath":"__facemorph/eyeshadow.png","imageScale":0.7,"name":"eyeshadow","position":[152,452],"tag":"EYE_SHADOW","useOpenMouth":true,"zPosition":5},{"enable":true,"imagePath":"__facemorph/hightlight.png","imageScale":0.69,"name":"hightlight","position":[4,144],"tag":"SOFTLIGHT","useOpenMouth":true,"zPosition":3},{"enable":true,"imagePath":"__facemorph/hightlighta.png","imageScale":0.7,"name":"hightlighta","position":[151,451],"tag":"NONE","useOpenMouth":true,"zPosition":9},{"enable":true,"imagePath":"__facemorph/lips.png","imageScale":0.66,"lipTablePath":"__lipTable/table.png","lipstickType":"matte","name":"lips","position":[309,713],"tag":"MASK_LUT","useOpenMouth":true,"zPosition":10},{"enable":true,"imagePath":"__facemorph/shadow.png","imageScale":0.69,"name":"shadow","position":[3,146],"tag":"SOFTLIGHT","useOpenMouth":true,"zPosition":1},{"enable":true,"imagePath":"__facemorph/shadowface.png","imageScale":0.69,"name":"shadowface","position":[2,147],"tag":"SOFTLIGHT","useOpenMouth":true,"zPosition":0},{"blushType":"","enable":true,"imagePath":"__facemorph/shadowwhat.png","imageScale":0.69,"name":"shadowwhat","position":[4,149],"tag":"BLUSH","useOpenMouth":true,"zPosition":2}],"targetFPS":25},"newPartField":"3.0","stickerType":"faceMorph","toolVersion":"Mac_2.4.2","totalMem":25.83,"transitions":{"Transition1":{"conditions":[{"preState":"","triggers":"H.face.appear"}],"randomShow":false,"targets":[{"delay":0,"fadingFrame":0,"lastingFrame":0,"loop":0,"targetPart":"blush","targetState":"playing"}]},"Transition10":{"conditions":[{"preState":"","triggers":"H.face.appear"}],"randomShow":false,"targets":[{"delay":0,"fadingFrame":0,"lastingFrame":0,"loop":0,"targetPart":"shadowface","targetState":"playing"}]},"Transition11":{"conditions":[{"preState":"","triggers":"H.face.appear"}],"randomShow":false,"targets":[{"delay":0,"fadingFrame":0,"lastingFrame":0,"loop":0,"targetPart":"shadowwhat","targetState":"playing"}]},"Transition12":{"conditions":[{"preState":"","triggers":"H.face.appear"}],"randomShow":false,"targets":[{"delay":0,"fadingFrame":0,"lastingFrame":0,"loop":0,"targetPart":"lips","targetState":"playing"}]},"Transition2":{"conditions":[{"preState":"","triggers":"H.face.appear"}],"randomShow":false,"targets":[{"delay":0,"fadingFrame":0,"lastingFrame":0,"loop":0,"targetPart":"eyeball","targetState":"playing"}]},"Transition3":{"conditions":[{"preState":"","triggers":"H.face.appear"}],"randomShow":false,"targets":[{"delay":0,"fadingFrame":0,"lastingFrame":0,"loop":0,"targetPart":"eyelasha","targetState":"playing"}]},"Transition4":{"conditions":[{"preState":"","triggers":"H.face.appear"}],"randomShow":false,"targets":[{"delay":0,"fadingFrame":0,"lastingFrame":0,"loop":0,"targetPart":"eyeline","targetState":"playing"}]},"Transition5":{"conditions":[{"preState":"","triggers":"H.face.appear"}],"randomShow":false,"targets":[{"delay":0,"fadingFrame":0,"lastingFrame":0,"loop":0,"targetPart":"eyeshadow","targetState":"playing"}]},"Transition6":{"conditions":[{"preState":"","triggers":"H.face.appear"}],"randomShow":false,"targets":[{"delay":0,"fadingFrame":0,"lastingFrame":0,"loop":0,"targetPart":"hightlight","targetState":"playing"}]},"Transition7":{"conditions":[{"preState":"","triggers":"H.face.appear"}],"randomShow":false,"targets":[{"delay":0,"fadingFrame":0,"lastingFrame":0,"loop":0,"targetPart":"hightlighta","targetState":"playing"}]},"Transition9":{"conditions":[{"preState":"","triggers":"H.face.appear"}],"randomShow":false,"targets":[{"delay":0,"fadingFrame":0,"lastingFrame":0,"loop":0,"targetPart":"shadow","targetState":"playing"}]}},"version":"3.0"}