{"faceMorph":{"allowDiscardFrame":false,"canvasSize":[750,1334],"makeups":[{"blushType":"","enable":true,"imagePath":"__facemorph/blush.png","imageScale":0.7,"name":"blush","position":[122,451],"tag":"BLUSH","useOpenMouth":true,"zPosition":1},{"enable":true,"imagePath":"__facemorph/contour.png","imageScale":0.69,"name":"contour","position":[1,125],"tag":"SOFTLIGHT","useOpenMouth":true,"zPosition":0},{"enable":true,"imagePath":"__facemorph/eye_shadow_L0.png","imageScale":0.7,"name":"eye_shadow_L0","position":[150,452],"tag":"NONE","useOpenMouth":true,"zPosition":2},{"browShape":"none","enable":true,"imagePath":"__facemorph/eyebrows.png","imageScale":0.69,"name":"eyebrows","position":[201,443],"tag":"EYE_BROW","useOpenMouth":true,"zPosition":5},{"enable":true,"imagePath":"__facemorph/eyelashes.png","imageScale":0.69,"name":"eyelashes","position":[152,453],"tag":"EYE_LASH","useOpenMouth":true,"zPosition":4},{"enable":true,"imagePath":"__facemorph/eyeline.png","imageScale":0.7,"name":"eyeline","position":[151,453],"tag":"EYE_LINER","useOpenMouth":true,"zPosition":3},{"enable":true,"imagePath":"__facemorph/lipLayer.png","imageScale":0.69,"lipTablePath":"__lipTable/table.png","lipstickType":"creamy","name":"lipLayer","position":[306,711],"tag":"MASK_LUT","useOpenMouth":true,"zPosition":6}],"targetFPS":25},"newPartField":"3.0","stickerType":"faceMorph","toolVersion":"Mac_2.4.2","totalMem":9.21,"transitions":{"Transition1":{"conditions":[{"preState":"","triggers":"H.face.appear"}],"randomShow":false,"targets":[{"delay":0,"fadingFrame":0,"lastingFrame":0,"loop":0,"targetPart":"blush","targetState":"playing"}]},"Transition2":{"conditions":[{"preState":"","triggers":"H.face.appear"}],"randomShow":false,"targets":[{"delay":0,"fadingFrame":0,"lastingFrame":0,"loop":0,"targetPart":"contour","targetState":"playing"}]},"Transition3":{"conditions":[{"preState":"","triggers":"H.face.appear"}],"randomShow":false,"targets":[{"delay":0,"fadingFrame":0,"lastingFrame":0,"loop":0,"targetPart":"eye_shadow_L0","targetState":"playing"}]},"Transition4":{"conditions":[{"preState":"","triggers":"H.face.appear"}],"randomShow":false,"targets":[{"delay":0,"fadingFrame":0,"lastingFrame":0,"loop":0,"targetPart":"eyebrows","targetState":"playing"}]},"Transition5":{"conditions":[{"preState":"","triggers":"H.face.appear"}],"randomShow":false,"targets":[{"delay":0,"fadingFrame":0,"lastingFrame":0,"loop":0,"targetPart":"eyelashes","targetState":"playing"}]},"Transition6":{"conditions":[{"preState":"","triggers":"H.face.appear"}],"randomShow":false,"targets":[{"delay":0,"fadingFrame":0,"lastingFrame":0,"loop":0,"targetPart":"eyeline","targetState":"playing"}]},"Transition7":{"conditions":[{"preState":"","triggers":"H.face.appear"}],"randomShow":false,"targets":[{"delay":0,"fadingFrame":0,"lastingFrame":0,"loop":0,"targetPart":"lipLayer","targetState":"playing"}]}},"version":"3.0"}