{"faceMorph":{"allowDiscardFrame":false,"canvasSize":[750,1334],"makeups":[{"blushType":"","enable":true,"imagePath":"__facemorph/blush.png","imageScale":0.69,"name":"blush","position":[84,451],"tag":"BLUSH","useOpenMouth":true,"zPosition":1},{"enable":true,"imagePath":"__facemorph/contour.png","imageScale":0.69,"name":"contour","position":[2,112],"tag":"SOFTLIGHT","useOpenMouth":true,"zPosition":0},{"enable":true,"imagePath":"__facemorph/eye_shadow_L0.png","imageScale":0.7,"name":"eye_shadow_L0","position":[150,452],"tag":"EYE_SHADOW","useOpenMouth":true,"zPosition":2},{"enable":true,"imagePath":"__facemorph/eye_shadow_L1.png","imageScale":0.7,"name":"eye_shadow_L1","position":[151,453],"tag":"NONE","useOpenMouth":true,"zPosition":3},{"enable":true,"imagePath":"__facemorph/eyelashes.png","imageScale":0.69,"name":"eyelashes","position":[152,452],"tag":"EYE_LASH","useOpenMouth":true,"zPosition":4},{"enable":true,"imagePath":"__facemorph/lips.png","imageScale":0.98,"lipTablePath":"__lipTable/table.png","lipstickType":"matte","name":"lips","position":[310,715],"tag":"MASK_LUT","useOpenMouth":true,"zPosition":5}],"targetFPS":25},"newPartField":"3.0","stickerType":"faceMorph","toolVersion":"Mac_2.4.2","totalMem":10.27,"transitions":{"Transition1":{"conditions":[{"preState":"","triggers":"H.face.appear"}],"randomShow":false,"targets":[{"delay":0,"fadingFrame":0,"lastingFrame":0,"loop":0,"targetPart":"blush","targetState":"playing"}]},"Transition2":{"conditions":[{"preState":"","triggers":"H.face.appear"}],"randomShow":false,"targets":[{"delay":0,"fadingFrame":0,"lastingFrame":0,"loop":0,"targetPart":"contour","targetState":"playing"}]},"Transition3":{"conditions":[{"preState":"","triggers":"H.face.appear"}],"randomShow":false,"targets":[{"delay":0,"fadingFrame":0,"lastingFrame":0,"loop":0,"targetPart":"eye_shadow_L0","targetState":"playing"}]},"Transition4":{"conditions":[{"preState":"","triggers":"H.face.appear"}],"randomShow":false,"targets":[{"delay":0,"fadingFrame":0,"lastingFrame":0,"loop":0,"targetPart":"eye_shadow_L1","targetState":"playing"}]},"Transition5":{"conditions":[{"preState":"","triggers":"H.face.appear"}],"randomShow":false,"targets":[{"delay":0,"fadingFrame":0,"lastingFrame":0,"loop":0,"targetPart":"eyelashes","targetState":"playing"}]},"Transition6":{"conditions":[{"preState":"","triggers":"H.face.appear"}],"randomShow":false,"targets":[{"delay":0,"fadingFrame":0,"lastingFrame":0,"loop":0,"targetPart":"lips","targetState":"playing"}]}},"version":"3.0"}