{"faceMorph":{"allowDiscardFrame":false,"canvasSize":[750,1334],"makeups":[{"blushType":"","enable":true,"imagePath":"__facemorph/blush.png","imageScale":1,"name":"blush","position":[127,522],"tag":"BLUSH","useOpenMouth":true,"zPosition":7},{"browShape":"none","enable":true,"imagePath":"__facemorph/brow.png","imageScale":1,"name":"brow","position":[200,438],"tag":"EYE_BROW","useOpenMouth":true,"zPosition":6},{"enable":true,"imagePath":"__facemorph/eyelasha.png","imageScale":1,"name":"eyelasha","position":[149,451],"tag":"EYE_LASH","useOpenMouth":true,"zPosition":5},{"enable":true,"imagePath":"__facemorph/eyeline.png","imageScale":1,"name":"eyeline","position":[152,452],"tag":"EYE_LINER","useOpenMouth":true,"zPosition":4},{"enable":true,"imagePath":"__facemorph/eyeshadow.png","imageScale":1,"name":"eyeshadow","position":[152,452],"tag":"EYE_SHADOW","useOpenMouth":true,"zPosition":3},{"enable":true,"imagePath":"__facemorph/highlight.png","imageScale":1,"name":"highlight","position":[151,439],"tag":"NONE","useOpenMouth":true,"zPosition":8},{"enable":true,"imagePath":"__facemorph/lips.png","imageScale":1,"lipTablePath":"__lipTable/table.png","lipstickType":"creamy","name":"lips","position":[311,712],"tag":"MASK_LUT","useOpenMouth":true,"zPosition":2},{"enable":true,"imagePath":"__facemorph/shadow.png","imageScale":1,"name":"shadow","position":[200,452],"tag":"SOFTLIGHT","useOpenMouth":true,"zPosition":1}],"targetFPS":25},"faceStretchParts":{"faceStretch":{"ctrlPointCoordTable":[383.848,903.187,237.71200000000005,546.737,255.211,562.3439999999999,536,547,518,562,285,529,279.074,567.237,487.934,526.627,494,567,240.018,676.411,527.635,676.991,301.186,408.64,469.282,408.229],"ctrlPointIndexTable":[16,52,57,61,62,72,73,75,76,106,107,116,117],"enable":true,"symmetry":false,"zPosition":100}},"filterParts":{"style_babypink":{"enable":true,"modelName":"filter_style_babypink_1.5.0.model","strength":0.65,"zPosition":0}},"newPartField":"3.0","stickerType":"faceMorph_faceStretch_filter","toolVersion":"Mac_2.4.2","totalMem":2.52,"transitions":{"Transition1":{"conditions":[{"preState":"","triggers":"H.face.appear"}],"randomShow":false,"targets":[{"delay":0,"fadingFrame":0,"lastingFrame":0,"loop":0,"targetPart":"blush","targetState":"playing"}]},"Transition10":{"conditions":[{"preState":"","triggers":"H.face.appear"}],"randomShow":false,"targets":[{"delay":0,"fadingFrame":0,"lastingFrame":0,"loop":0,"targetPart":"faceStretch","targetState":"playing"}]},"Transition11":{"conditions":[{"preState":"","triggers":"H.face.appear"}],"randomShow":false,"targets":[{"delay":0,"fadingFrame":0,"lastingFrame":0,"loop":0,"targetPart":"style_babypink","targetState":"playing"}]},"Transition2":{"conditions":[{"preState":"","triggers":"H.face.appear"}],"randomShow":false,"targets":[{"delay":0,"fadingFrame":0,"lastingFrame":0,"loop":0,"targetPart":"brow","targetState":"playing"}]},"Transition3":{"conditions":[{"preState":"","triggers":"H.face.appear"}],"randomShow":false,"targets":[{"delay":0,"fadingFrame":0,"lastingFrame":0,"loop":0,"targetPart":"eyelasha","targetState":"playing"}]},"Transition4":{"conditions":[{"preState":"","triggers":"H.face.appear"}],"randomShow":false,"targets":[{"delay":0,"fadingFrame":0,"lastingFrame":0,"loop":0,"targetPart":"eyeline","targetState":"playing"}]},"Transition5":{"conditions":[{"preState":"","triggers":"H.face.appear"}],"randomShow":false,"targets":[{"delay":0,"fadingFrame":0,"lastingFrame":0,"loop":0,"targetPart":"eyeshadow","targetState":"playing"}]},"Transition6":{"conditions":[{"preState":"","triggers":"H.face.appear"}],"randomShow":false,"targets":[{"delay":0,"fadingFrame":0,"lastingFrame":0,"loop":0,"targetPart":"highlight","targetState":"playing"}]},"Transition7":{"conditions":[{"preState":"","triggers":"H.face.appear"}],"randomShow":false,"targets":[{"delay":0,"fadingFrame":0,"lastingFrame":0,"loop":0,"targetPart":"lips","targetState":"playing"}]},"Transition8":{"conditions":[{"preState":"","triggers":"H.face.appear"}],"randomShow":false,"targets":[{"delay":0,"fadingFrame":0,"lastingFrame":0,"loop":0,"targetPart":"shadow","targetState":"playing"}]}},"version":"3.0"}