{"beautifyParts":{"beautify":{"contrastStrength":0,"enlargeRatio":0.7,"reddenStrength":0,"saturationStrength":0,"shrinkRatio":0.5,"smallRatio":0.5,"smoothStrength":0.7,"whitenStrength":0}},"faceMorph":{"allowDiscardFrame":false,"canvasSize":[750,1334],"makeups":[{"blushType":"","enable":true,"imagePath":"__facemorph/blush.png","imageScale":1,"name":"blush","position":[128,535],"tag":"BLUSH","useOpenMouth":true,"zPosition":7},{"browShape":"none","enable":true,"imagePath":"__facemorph/brow.png","imageScale":1,"name":"brow","position":[199,439],"tag":"EYE_BROW","useOpenMouth":true,"zPosition":5},{"enable":true,"imagePath":"__facemorph/eyelasha.png","imageScale":1,"name":"eyelasha","position":[149,452],"tag":"EYE_LASH","useOpenMouth":true,"zPosition":4},{"enable":true,"imagePath":"__facemorph/eyeline.png","imageScale":1,"name":"eyeline","position":[151,454],"tag":"NONE","useOpenMouth":true,"zPosition":3},{"enable":true,"imagePath":"__facemorph/eyeshadow.png","imageScale":1,"name":"eyeshadow","position":[151,454],"tag":"EYE_SHADOW","useOpenMouth":true,"zPosition":2},{"enable":true,"imagePath":"__facemorph/highlight.png","imageScale":1,"name":"highlight","position":[201,452],"tag":"NONE","useOpenMouth":true,"zPosition":6},{"enable":true,"imagePath":"__facemorph/lips.png","imageScale":1,"lipTablePath":"__lipTable/table.png","lipstickType":"creamy","name":"lips","position":[309,712],"tag":"MASK_LUT","useOpenMouth":true,"zPosition":1},{"enable":true,"imagePath":"__facemorph/shadow.png","imageScale":1,"name":"shadow","position":[200,451],"tag":"SOFTLIGHT","useOpenMouth":true,"zPosition":0}],"targetFPS":25},"newPartField":"3.0","parts":{"face":{"allowDiscardFrame":false,"blendMode":0,"enable":true,"frameCount":9,"height":155,"hotlinkEnable":false,"position":{"positionX":[{"index":45,"x":293.32,"y":73.98}],"positionY":[]},"positionRelationType":1,"positionType":1,"positionType2":0,"rotateCenter":[{"index":46,"x":292.85,"y":111.92}],"scale":{"scaleX":{"pointA":[{"index":74,"x":188.71,"y":-0.17}],"pointB":[{"index":77,"x":395.87,"y":-1.46}]},"scaleY":{"pointA":[],"pointB":[]}},"stickerGroup":{"groupSize":1,"index":0},"targetFPS":25,"targetType":"FACE","width":581,"zPosition":8},"sprouting":{"allowDiscardFrame":false,"blendMode":0,"enable":true,"frameCount":36,"height":210,"hotlinkEnable":false,"position":{"positionX":[{"index":74,"x":27.71,"y":520.83},{"index":77,"x":234.87,"y":519.54}],"positionY":[]},"positionRelationType":1,"positionType":1,"positionType2":0,"rotateCenter":[{"index":46,"x":131.85,"y":632.92}],"scale":{"scaleX":{"pointA":[{"index":74,"x":27.71,"y":520.83}],"pointB":[{"index":77,"x":234.87,"y":519.54}]},"scaleY":{"pointA":[],"pointB":[]}},"stickerGroup":{"groupSize":1,"index":0},"targetFPS":25,"targetType":"FACE","width":318,"zPosition":9},"swing":{"allowDiscardFrame":false,"blendMode":0,"enable":true,"frameCount":16,"height":200,"hotlinkEnable":false,"position":{"positionX":[{"index":74,"x":61.71,"y":519.83},{"index":77,"x":268.87,"y":518.54}],"positionY":[]},"positionRelationType":1,"positionType":1,"positionType2":0,"rotateCenter":[{"index":46,"x":165.85,"y":631.92}],"scale":{"scaleX":{"pointA":[{"index":74,"x":61.71,"y":519.83}],"pointB":[{"index":77,"x":268.87,"y":518.54}]},"scaleY":{"pointA":[],"pointB":[]}},"stickerGroup":{"groupSize":1,"index":0},"targetFPS":25,"targetType":"FACE","width":356,"zPosition":10}},"stickerType":"2D_faceMorph_beautify","toolVersion":"Mac_2.4.2","totalMem":18.97,"transitions":{"Transition1":{"conditions":[{"preState":"","triggers":"H.face.appear"}],"randomShow":false,"targets":[{"delay":0,"fadingFrame":0,"lastingFrame":0,"loop":0,"targetPart":"blush","targetState":"playing"}]},"Transition10":{"conditions":[{"preState":"","triggers":"H.face.appear"}],"randomShow":false,"targets":[{"delay":0,"fadingFrame":0,"lastingFrame":0,"loop":0,"targetPart":"face","targetState":"playing"}]},"Transition11":{"conditions":[{"preState":"","triggers":"H.face.appear"}],"randomShow":false,"targets":[{"delay":0,"fadingFrame":0,"lastingFrame":0,"loop":1,"targetPart":"sprouting","targetState":"playing"}]},"Transition12":{"conditions":[{"preState":"","triggers":"H.face.appear"}],"randomShow":false,"targets":[{"delay":36,"fadingFrame":0,"lastingFrame":0,"loop":0,"targetPart":"swing","targetState":"playing"}]},"Transition2":{"conditions":[{"preState":"","triggers":"H.face.appear"}],"randomShow":false,"targets":[{"delay":0,"fadingFrame":0,"lastingFrame":0,"loop":0,"targetPart":"brow","targetState":"playing"}]},"Transition3":{"conditions":[{"preState":"","triggers":"H.face.appear"}],"randomShow":false,"targets":[{"delay":0,"fadingFrame":0,"lastingFrame":0,"loop":0,"targetPart":"eyelasha","targetState":"playing"}]},"Transition4":{"conditions":[{"preState":"","triggers":"H.face.appear"}],"randomShow":false,"targets":[{"delay":0,"fadingFrame":0,"lastingFrame":0,"loop":0,"targetPart":"eyeline","targetState":"playing"}]},"Transition5":{"conditions":[{"preState":"","triggers":"H.face.appear"}],"randomShow":false,"targets":[{"delay":0,"fadingFrame":0,"lastingFrame":0,"loop":0,"targetPart":"eyeshadow","targetState":"playing"}]},"Transition6":{"conditions":[{"preState":"","triggers":"H.face.appear"}],"randomShow":false,"targets":[{"delay":0,"fadingFrame":0,"lastingFrame":0,"loop":0,"targetPart":"highlight","targetState":"playing"}]},"Transition7":{"conditions":[{"preState":"","triggers":"H.face.appear"}],"randomShow":false,"targets":[{"delay":0,"fadingFrame":0,"lastingFrame":0,"loop":0,"targetPart":"lips","targetState":"playing"}]},"Transition8":{"conditions":[{"preState":"","triggers":"H.face.appear"}],"randomShow":false,"targets":[{"delay":0,"fadingFrame":0,"lastingFrame":0,"loop":0,"targetPart":"shadow","targetState":"playing"}]},"Transition9":{"conditions":[{"preState":"","triggers":"H.face.appear"}],"randomShow":false,"targets":[{"delay":0,"fadingFrame":0,"lastingFrame":0,"loop":0,"targetPart":"beautify","targetState":"playing"}]}},"version":"3.0"}