{"faceMorph":{"allowDiscardFrame":false,"canvasSize":[750,1334],"makeups":[{"blushType":"","enable":true,"imagePath":"__facemorph/blush.png","imageScale":1,"name":"blush","position":[130,523],"tag":"BLUSH","useOpenMouth":true,"zPosition":9},{"browShape":"none","enable":true,"imagePath":"__facemorph/brow.png","imageScale":1,"name":"brow","position":[201,433],"tag":"EYE_BROW","useOpenMouth":true,"zPosition":8},{"enable":true,"imagePath":"__facemorph/eyeball.png","imageScale":1,"name":"eyeball","position":[150,453],"tag":"EYEBALL_BEAUTY","useOpenMouth":true,"zPosition":3},{"enable":true,"imagePath":"__facemorph/eyelasha.png","imageScale":1,"name":"eyelasha","position":[151,454],"tag":"EYE_LASH","useOpenMouth":true,"zPosition":6},{"enable":true,"imagePath":"__facemorph/eyeline.png","imageScale":1,"name":"eyeline","position":[151,454],"tag":"NONE","useOpenMouth":true,"zPosition":5},{"enable":true,"imagePath":"__facemorph/eyeshadow.png","imageScale":1,"name":"eyeshadow","position":[151,454],"tag":"EYE_SHADOW","useOpenMouth":true,"zPosition":4},{"enable":true,"imagePath":"__facemorph/highlight.png","imageScale":1,"name":"highlight","position":[152,448],"tag":"NONE","useOpenMouth":true,"zPosition":7},{"enable":true,"imagePath":"__facemorph/lips.png","imageScale":1,"lipTablePath":"__lipTable/table.png","lipstickType":"creamy","name":"lips","position":[310,712],"tag":"MASK_LUT","useOpenMouth":true,"zPosition":2},{"enable":true,"imagePath":"__facemorph/shadow.png","imageScale":1,"name":"shadow","position":[199,448],"tag":"SOFTLIGHT","useOpenMouth":true,"zPosition":1}],"targetFPS":25},"filterParts":{"style_icecream_2.1.0":{"enable":true,"modelName":"filter_style_icecream_2.1.0.model","strength":0.65,"zPosition":0}},"newPartField":"3.0","stickerType":"faceMorph_filter","toolVersion":"Mac_2.4.2","totalMem":2.8,"transitions":{"Transition1":{"conditions":[{"preState":"","triggers":"H.face.appear"}],"randomShow":false,"targets":[{"delay":0,"fadingFrame":0,"lastingFrame":0,"loop":0,"targetPart":"blush","targetState":"playing"}]},"Transition10":{"conditions":[{"preState":"","triggers":"H.face.appear"}],"randomShow":false,"targets":[{"delay":0,"fadingFrame":0,"lastingFrame":0,"loop":0,"targetPart":"style_icecream_2.1.0","targetState":"playing"}]},"Transition2":{"conditions":[{"preState":"","triggers":"H.face.appear"}],"randomShow":false,"targets":[{"delay":0,"fadingFrame":0,"lastingFrame":0,"loop":0,"targetPart":"brow","targetState":"playing"}]},"Transition3":{"conditions":[{"preState":"","triggers":"H.face.appear"}],"randomShow":false,"targets":[{"delay":0,"fadingFrame":0,"lastingFrame":0,"loop":0,"targetPart":"eyeball","targetState":"playing"}]},"Transition4":{"conditions":[{"preState":"","triggers":"H.face.appear"}],"randomShow":false,"targets":[{"delay":0,"fadingFrame":0,"lastingFrame":0,"loop":0,"targetPart":"eyelasha","targetState":"playing"}]},"Transition5":{"conditions":[{"preState":"","triggers":"H.face.appear"}],"randomShow":false,"targets":[{"delay":0,"fadingFrame":0,"lastingFrame":0,"loop":0,"targetPart":"eyeline","targetState":"playing"}]},"Transition6":{"conditions":[{"preState":"","triggers":"H.face.appear"}],"randomShow":false,"targets":[{"delay":0,"fadingFrame":0,"lastingFrame":0,"loop":0,"targetPart":"eyeshadow","targetState":"playing"}]},"Transition7":{"conditions":[{"preState":"","triggers":"H.face.appear"}],"randomShow":false,"targets":[{"delay":0,"fadingFrame":0,"lastingFrame":0,"loop":0,"targetPart":"highlight","targetState":"playing"}]},"Transition8":{"conditions":[{"preState":"","triggers":"H.face.appear"}],"randomShow":false,"targets":[{"delay":0,"fadingFrame":0,"lastingFrame":0,"loop":0,"targetPart":"highlight","targetState":"playing"}]},"Transition9":{"conditions":[{"preState":"","triggers":"H.face.appear"}],"randomShow":false,"targets":[{"delay":0,"fadingFrame":0,"lastingFrame":0,"loop":0,"targetPart":"lips","targetState":"playing"}]}},"version":"3.0"}