{"beautifyParts":{"beautify":{"contrastStrength":0,"enlargeRatio":0.5,"reddenStrength":0,"saturationStrength":0,"shrinkRatio":0.6,"smallRatio":0.2,"smoothStrength":0.6,"whitenStrength":0}},"faceMorph":{"allowDiscardFrame":false,"canvasSize":[750,1334],"makeups":[{"blushType":"","enable":true,"imagePath":"__facemorph/blush.png","imageScale":1,"name":"blush","position":[128,522],"tag":"BLUSH","useOpenMouth":true,"zPosition":7},{"browShape":"none","enable":true,"imagePath":"__facemorph/brow.png","imageScale":1,"name":"brow","position":[201,445],"tag":"EYE_BROW","useOpenMouth":true,"zPosition":6},{"enable":true,"imagePath":"__facemorph/eyelasha.png","imageScale":1,"name":"eyelasha","position":[151,453],"tag":"EYE_LASH","useOpenMouth":true,"zPosition":5},{"enable":true,"imagePath":"__facemorph/eyeline.png","imageScale":1,"name":"eyeline","position":[152,453],"tag":"EYE_LINER","useOpenMouth":true,"zPosition":4},{"enable":true,"imagePath":"__facemorph/eyeshadow.png","imageScale":1,"name":"eyeshadow","position":[152,452],"tag":"EYE_SHADOW","useOpenMouth":true,"zPosition":3},{"enable":true,"imagePath":"__facemorph/highlight.png","imageScale":1,"name":"highlight","position":[151,454],"tag":"NONE","useOpenMouth":true,"zPosition":8},{"enable":true,"imagePath":"__facemorph/lips.png","imageScale":1,"lipTablePath":"__lipTable/table.png","lipstickType":"creamy","name":"lips","position":[311,712],"tag":"MASK_LUT","useOpenMouth":true,"zPosition":2},{"enable":true,"imagePath":"__facemorph/shadow.png","imageScale":1,"name":"shadow","position":[199,450],"tag":"SOFTLIGHT","useOpenMouth":true,"zPosition":1}],"targetFPS":25},"filterParts":{"style_oldphoto":{"enable":true,"modelName":"filter_style_oldphoto.model","strength":0.5,"zPosition":0}},"newPartField":"3.0","parts":{"a":{"allowDiscardFrame":false,"blendMode":0,"enable":true,"frameCount":40,"height":154,"hotlinkEnable":false,"position":{"positionX":[{"index":106,"x":-353,"y":-792},{"index":107,"x":397,"y":-792}],"positionY":[]},"positionRelationType":0,"positionType":0,"positionType2":0,"rotateCenter":[{"x":199,"y":77}],"scale":{"scaleX":{"pointA":[{"index":106,"x":-353,"y":-792}],"pointB":[{"index":107,"x":397,"y":-792}]},"scaleY":{"pointA":[],"pointB":[]}},"stickerGroup":{"groupSize":1,"index":0},"targetFPS":25,"targetType":"FACE","width":398,"zPosition":9},"foreground":{"allowDiscardFrame":false,"blendMode":0,"enable":true,"frameCount":1,"height":1334,"hotlinkEnable":false,"position":{"positionX":[{"index":106,"x":0,"y":0},{"index":107,"x":750,"y":0}],"positionY":[]},"positionRelationType":1,"positionType":0,"positionType2":0,"rotateCenter":[{"x":375,"y":667}],"scale":{"scaleX":{"pointA":[{"index":106,"x":0,"y":0}],"pointB":[{"index":107,"x":750,"y":0}]},"scaleY":{"pointA":[],"pointB":[]}},"stickerGroup":{"groupSize":1,"index":0},"targetFPS":25,"targetType":"FACE","width":750,"zPosition":10},"red":{"allowDiscardFrame":false,"blendMode":0,"enable":true,"frameCount":60,"height":46,"hotlinkEnable":false,"position":{"positionX":[{"index":106,"x":-121,"y":-188},{"index":107,"x":629,"y":-188}],"positionY":[]},"positionRelationType":0,"positionType":0,"positionType2":0,"rotateCenter":[{"x":22.5,"y":23}],"scale":{"scaleX":{"pointA":[{"index":106,"x":-121,"y":-188}],"pointB":[{"index":107,"x":629,"y":-188}]},"scaleY":{"pointA":[],"pointB":[]}},"stickerGroup":{"groupSize":1,"index":0},"targetFPS":25,"targetType":"FACE","width":45,"zPosition":11},"time":{"allowDiscardFrame":false,"blendMode":0,"enable":true,"frameCount":300,"height":75,"hotlinkEnable":false,"position":{"positionX":[{"index":106,"x":-17,"y":-224},{"index":107,"x":733,"y":-224}],"positionY":[]},"positionRelationType":1,"positionType":0,"positionType2":0,"rotateCenter":[{"x":77,"y":37.5}],"scale":{"scaleX":{"pointA":[{"index":106,"x":-17,"y":-224}],"pointB":[{"index":107,"x":733,"y":-224}]},"scaleY":{"pointA":[],"pointB":[]}},"stickerGroup":{"groupSize":1,"index":0},"targetFPS":25,"targetType":"FACE","width":154,"zPosition":12}},"stickerType":"2D_faceMorph_beautify_filter","toolVersion":"Mac_2.4.2","totalMem":29.36,"transitions":{"Transition1":{"conditions":[{"preState":"","triggers":"H.face.appear"}],"randomShow":false,"targets":[{"delay":0,"fadingFrame":0,"lastingFrame":0,"loop":0,"targetPart":"blush","targetState":"playing"}]},"Transition10":{"conditions":[{"preState":"","triggers":"H.face.appear"}],"randomShow":false,"targets":[{"delay":0,"fadingFrame":0,"lastingFrame":0,"loop":0,"targetPart":"a","targetState":"playing"}]},"Transition11":{"conditions":[{"preState":"","triggers":"H.face.appear"}],"randomShow":false,"targets":[{"delay":0,"fadingFrame":0,"lastingFrame":0,"loop":0,"targetPart":"foreground","targetState":"playing"}]},"Transition12":{"conditions":[{"preState":"","triggers":"H.face.appear"}],"randomShow":false,"targets":[{"delay":0,"fadingFrame":0,"lastingFrame":0,"loop":0,"targetPart":"red","targetState":"playing"}]},"Transition13":{"conditions":[{"preState":"","triggers":"H.face.appear"}],"randomShow":false,"targets":[{"delay":0,"fadingFrame":0,"lastingFrame":0,"loop":0,"targetPart":"time","targetState":"playing"}]},"Transition14":{"conditions":[{"preState":"","triggers":"H.face.appear"}],"randomShow":false,"targets":[{"delay":0,"fadingFrame":0,"lastingFrame":0,"loop":0,"targetPart":"style_oldphoto","targetState":"playing"}]},"Transition2":{"conditions":[{"preState":"","triggers":"H.face.appear"}],"randomShow":false,"targets":[{"delay":0,"fadingFrame":0,"lastingFrame":0,"loop":0,"targetPart":"brow","targetState":"playing"}]},"Transition3":{"conditions":[{"preState":"","triggers":"H.face.appear"}],"randomShow":false,"targets":[{"delay":0,"fadingFrame":0,"lastingFrame":0,"loop":0,"targetPart":"eyelasha","targetState":"playing"}]},"Transition4":{"conditions":[{"preState":"","triggers":"H.face.appear"}],"randomShow":false,"targets":[{"delay":0,"fadingFrame":0,"lastingFrame":0,"loop":0,"targetPart":"eyeline","targetState":"playing"}]},"Transition5":{"conditions":[{"preState":"","triggers":"H.face.appear"}],"randomShow":false,"targets":[{"delay":0,"fadingFrame":0,"lastingFrame":0,"loop":0,"targetPart":"eyeshadow","targetState":"playing"}]},"Transition6":{"conditions":[{"preState":"","triggers":"H.face.appear"}],"randomShow":false,"targets":[{"delay":0,"fadingFrame":0,"lastingFrame":0,"loop":0,"targetPart":"highlight","targetState":"playing"}]},"Transition7":{"conditions":[{"preState":"","triggers":"H.face.appear"}],"randomShow":false,"targets":[{"delay":0,"fadingFrame":0,"lastingFrame":0,"loop":0,"targetPart":"lips","targetState":"playing"}]},"Transition8":{"conditions":[{"preState":"","triggers":"H.face.appear"}],"randomShow":false,"targets":[{"delay":0,"fadingFrame":0,"lastingFrame":0,"loop":0,"targetPart":"shadow","targetState":"playing"}]},"Transition9":{"conditions":[{"preState":"","triggers":"H.face.appear"}],"randomShow":false,"targets":[{"delay":0,"fadingFrame":0,"lastingFrame":0,"loop":0,"targetPart":"beautify","targetState":"playing"}]}},"version":"3.0"}